CustomerID,CustomerName,Age,Gender,City,AccountType,MonthlyIncome,CreditScore,LoanAmount,LoanTenureMonths,LoanDefault
CUST2000,Sanya Malhotra,50.0,Male,Pune,Savings,80600.0,652.0,203582.0,24,No
CUST2001,Aman Rao,55.0,Female,Ahmedabad,Savings,82500.0,556.0,54259.0,0,No
CUST2002,Rohan Mehta,60.0,Female,Chennai,Savings,54700.0,756.0,62237.0,12,No
CUST2003,Nikita Singh,51.0,Female,Ludhiana,Savings,120800.0,778.0,105800.0,0,No
CUST2004,Vivaan Kumar,24.0,Female,Lucknow,Savings,65900.0,900.0,79312.0,12,No
CUST2005,Ananya Joshi,34.0,Female,Mumbai,Savings,71900.0,755.0,24227.0,36,No
CUST2006,Rahul Sharma,42.0,Male,Mumbai,Savings,34600.0,630.0,203357.0,12,Yes
CUST2007,Riya Joshi,24.0,Female,Bengaluru,Savings,15000.0,606.0,41842.0,48,Yes
CUST2008,Vihaan Mehta,38.0,Male,Chennai,Current,44500.0,387.0,141650.0,84,No
CUST2009,Aditya Nair,26.0,Male,Chennai,Current,53800.0,629.0,15469.0,36,No
CUST2010,Gurpreet Kumar,43.0,Female,Jaipur,Savings,49800.0,,234795.0,0,No
CUST2011,Isha Kumar,28.0,Female,Chennai,Savings,86500.0,762.0,205920.0,120,No
CUST2012,Simran Kumar,,Female,Lucknow,Savings,15000.0,732.0,394442.0,0,No
CUST2013,Yash Nair,33.0,Male,Jaipur,Savings,29400.0,730.0,141371.0,12,No
CUST2014,Riya Iyer,60.0,Male,Chandigarh,Savings,15000.0,698.0,708996.0,36,No
CUST2015,Rohan Iyer,39.0,Male,Chandigarh,Current,103700.0,736.0,12828.0,36,No
CUST2016,Karan Bose,43.0,Female,Delhi,Savings,46500.0,803.0,147528.0,12,No
CUST2017,Gurpreet Mehta,59.0,Female,Ludhiana,Savings,48000.0,589.0,116221.0,24,Yes
CUST2018,Aman Kaur,21.0,Male,Lucknow,Current,30400.0,641.0,102186.0,36,Yes
CUST2019,Isha Bose,32.0,Female,Delhi,Savings,90500.0,562.0,135787.0,24,Yes
CUST2020,Riya Singh,38.0,Male,Mumbai,Current,51100.0,818.0,460617.0,12,No
CUST2021,Nikita Gupta,57.0,Male,Chennai,Savings,70100.0,790.0,161529.0,24,No
CUST2022,Nikita Kaur,50.0,Female,Bengaluru,Current,15000.0,744.0,87047.0,24,No
CUST2023,Aditya Sharma,48.0,Male,Jaipur,Current,98600.0,578.0,120032.0,12,Yes
CUST2024,Meera Sharma,36.0,Male,Mumbai,Current,75300.0,695.0,109034.0,36,No
CUST2025,Vihaan Iyer,55.0,Male,Chandigarh,Current,80100.0,660.0,4389.0,36,No
CUST2026,Yash Nair,28.0,Female,Kolkata,Savings,100600.0,687.0,115681.0,24,No
CUST2027,Gurpreet Rao,37.0,Female,Ahmedabad,Current,57700.0,664.0,541066.0,48,No
CUST2028,Gurpreet Malhotra,35.0,Female,Kolkata,Savings,58500.0,724.0,645063.0,60,Yes
CUST2029,Meera Iyer,21.0,Female,Kolkata,Savings,85100.0,646.0,373834.0,36,Yes
CUST2030,Ananya Nair,24.0,Male,Lucknow,Savings,76300.0,753.0,107845.0,12,No
CUST2031,Kavya Singh,53.0,Male,Kolkata,Savings,56200.0,701.0,437861.0,120,No
CUST2032,Yash Sharma,59.0,Female,Chandigarh,Savings,64800.0,655.0,112050.0,0,No
CUST2033,Aditya Singh,31.0,Female,Ahmedabad,Savings,48400.0,670.0,176422.0,60,No
CUST2034,Yash Chopra,24.0,Male,Kolkata,Current,85000.0,643.0,146070.0,24,No
CUST2035,Rahul Singh,,Male,Lucknow,Savings,91600.0,749.0,35597.0,24,No
CUST2036,Simran Patel,23.0,Other,Chennai,Current,63700.0,657.0,509945.0,60,No
CUST2037,Riya Sharma,,Female,Kolkata,Savings,120000.0,705.0,197173.0,48,No
CUST2038,Neha Joshi,22.0,Male,Lucknow,Savings,17300.0,647.0,377740.0,120,No
CUST2039,Priya Gupta,49.0,Female,Bengaluru,Current,56500.0,554.0,34121.0,84,Yes
CUST2040,Karan Kumar,53.0,Female,Lucknow,Current,115000.0,757.0,566484.0,0,No
CUST2041,,29.0,Male,Delhi,Current,50900.0,590.0,273685.0,36,Yes
CUST2042,Arjun Iyer,30.0,Female,Delhi,Savings,15500.0,738.0,29785.0,60,No
CUST2043,Sanya Joshi,31.0,Female,Mumbai,Savings,105500.0,716.0,21883.0,0,No
CUST2044,Aman Malhotra,52.0,Male,Ahmedabad,Current,79900.0,539.0,372796.0,36,No
CUST2045,Vivaan Chopra,59.0,Male,Lucknow,Savings,27700.0,600.0,65389.0,120,Yes
CUST2046,Riya Verma,51.0,Male,Lucknow,Current,86800.0,636.0,28825.0,0,No
CUST2047,Sai Iyer,32.0,Female,Ahmedabad,Current,32800.0,610.0,853784.0,0,No
CUST2048,Simran Iyer,50.0,Female,Ahmedabad,Savings,23300.0,580.0,60808.0,12,Yes
CUST2049,Neha Joshi,49.0,Female,Chandigarh,Current,59000.0,743.0,389117.0,12,No
CUST2050,Aman Patel,38.0,Female,Chandigarh,Savings,49100.0,660.0,287506.0,12,Yes
CUST2051,Priya Kaur,26.0,Male,Delhi,Current,30600.0,,210586.0,24,No
CUST2052,Aditya Sharma,33.0,Female,Pune,Savings,52600.0,643.0,138227.0,60,No
CUST2053,Priya Reddy,54.0,Male,Kolkata,Savings,33400.0,706.0,52563.0,36,No
CUST2054,Neha Patel,42.0,Female,Mumbai,Savings,65400.0,616.0,202805.0,36,Yes
CUST2055,Sai Gupta,25.0,Male,Jaipur,Savings,62900.0,193.0,169279.0,0,No
CUST2056,Kavya Joshi,58.0,Male,Pune,Savings,86000.0,729.0,372344.0,0,No
CUST2057,Kavya Reddy,42.0,Female,Ahmedabad,Savings,49900.0,684.0,53163.0,120,No
CUST2058,Rohan Bose,35.0,Female,Pune,Current,23500.0,641.0,1185412.0,12,Yes
CUST2059,Kavya Kaur,22.0,Male,Delhi,Current,23900.0,588.0,209343.0,120,Yes
CUST2060,,44.0,Male,Lucknow,Savings,56200.0,694.0,431663.0,12,No
CUST2061,Meera Malhotra,43.0,Female,Kolkata,Current,109800.0,709.0,289590.0,36,No
CUST2062,Rohan Malhotra,27.0,Male,Bengaluru,Savings,89100.0,658.0,176157.0,48,No
CUST2063,Sanya Gupta,55.0,Male,Ahmedabad,Savings,44300.0,615.0,127534.0,0,No
CUST2064,Rohan Nair,41.0,Male,Chennai,Current,91900.0,726.0,215908.0,0,No
CUST2065,Isha Singh,24.0,Female,Ludhiana,Savings,28700.0,891.0,15197.0,24,No
CUST2066,Vivaan Reddy,29.0,Male,Pune,Savings,94100.0,654.0,6338.0,0,No
CUST2067,Gurpreet Verma,32.0,Female,Hyderabad,Current,52100.0,709.0,61235.0,12,No
CUST2068,Kavya Bose,51.0,Male,Mumbai,Savings,86700.0,712.0,109790.0,0,No
CUST2069,Sanya Singh,52.0,Female,Bengaluru,Savings,82300.0,462.0,1904.0,12,Yes
CUST2070,Aarav Malhotra,54.0,Male,Lucknow,Current,55200.0,691.0,43435.0,24,Yes
CUST2071,Aarav Kumar,45.0,Female,Chandigarh,Savings,73400.0,620.0,38487.0,12,No
CUST2072,Riya Joshi,58.0,Female,Pune,Current,31500.0,798.0,629774.0,12,No
CUST2073,Aditya Malhotra,33.0,Female,Hyderabad,Savings,61400.0,658.0,175589.0,24,No
CUST2074,Karan Gupta,44.0,Male,Bengaluru,Current,96200.0,614.0,110252.0,48,No
CUST2075,Nikita Joshi,46.0,Female,Ludhiana,Current,186800.0,,260621.0,0,No
CUST2076,Riya Bose,36.0,Male,Ahmedabad,Savings,84700.0,694.0,164977.0,120,Yes
CUST2077,Neha Rao,39.0,Female,Pune,Savings,66200.0,632.0,601105.0,24,Yes
CUST2078,Yash Kaur,49.0,Male,Chennai,Savings,33100.0,676.0,33309.0,84,No
CUST2079,Ananya Gupta,56.0,Female,Delhi,Savings,95500.0,565.0,250141.0,0,No
CUST2080,,58.0,Male,Chandigarh,Savings,15000.0,661.0,14009.0,0,No
CUST2081,Harpreet Rao,33.0,Female,Bengaluru,Savings,39500.0,746.0,1388.0,0,No
CUST2082,Sai Iyer,50.0,Female,Ahmedabad,Savings,74400.0,847.0,287169.0,84,No
CUST2083,Vivaan Gupta,52.0,Male,Delhi,Current,27300.0,740.0,15517.0,24,No
CUST2084,Kavya Rao,59.0,Female,Ludhiana,Savings,109900.0,703.0,81498.0,60,No
CUST2085,Yash Malhotra,47.0,Female,Bengaluru,Savings,96500.0,781.0,51335.0,48,No
CUST2086,Neha Kaur,29.0,Male,Ludhiana,Savings,46500.0,767.0,33992.0,0,No
CUST2087,Vivaan Reddy,51.0,Male,Bengaluru,Savings,46900.0,821.0,48758.0,24,No
CUST2088,Yash Reddy,,Male,Hyderabad,Current,23900.0,772.0,349293.0,12,No
CUST2089,Sai Singh,36.0,Male,Kolkata,Savings,21500.0,670.0,105534.0,24,Yes
CUST2090,Simran Sharma,41.0,Female,Pune,Savings,76900.0,702.0,60953.0,60,No
CUST2091,Yash Rao,50.0,Male,Chennai,Savings,82400.0,695.0,94989.0,0,No
CUST2092,Rohan Nair,27.0,Female,Kolkata,Savings,74200.0,706.0,60160.0,84,No
CUST2093,Harpreet Iyer,,Female,Kolkata,Current,71600.0,697.0,39130.0,24,No
CUST2094,Riya Patel,26.0,Other,Ahmedabad,Savings,46800.0,613.0,220188.0,24,No
CUST2095,Meera Mehta,36.0,Female,Jaipur,Savings,74500.0,501.0,155056.0,48,Yes
CUST2096,Vivaan Sharma,25.0,Female,Kolkata,Savings,19300.0,623.0,111587.0,12,No
CUST2097,Simran Patel,22.0,Male,Delhi,Savings,63900.0,508.0,305272.0,48,Yes
CUST2098,Gurpreet Sharma,34.0,Female,Bengaluru,Current,108000.0,686.0,12734.0,24,No
CUST2099,Rahul Verma,60.0,Male,Mumbai,Savings,103400.0,680.0,123308.0,24,No
CUST2100,Kavya Bose,44.0,Female,Ahmedabad,Savings,49700.0,538.0,489288.0,0,No
CUST2101,Aditya Malhotra,50.0,Female,Jaipur,Current,53600.0,738.0,45454.0,0,No
CUST2102,Simran Reddy,30.0,Female,Bengaluru,Current,105100.0,754.0,1956.0,84,No
CUST2103,Vivaan Iyer,29.0,Female,Pune,Savings,117400.0,688.0,27954.0,36,No
CUST2104,Meera Joshi,,Male,Hyderabad,Current,18600.0,822.0,246834.0,24,No
CUST2105,Aman Patel,50.0,Female,Hyderabad,Savings,50800.0,839.0,12490.0,60,No
CUST2106,Vivaan Kaur,41.0,Male,Lucknow,Savings,70700.0,577.0,11719.0,84,Yes
CUST2107,Ananya Malhotra,32.0,Male,Chennai,Current,100300.0,768.0,190889.0,0,No
CUST2108,Nikita Patel,56.0,Male,Ahmedabad,Current,38400.0,717.0,2718.0,120,No
CUST2109,Rahul Iyer,40.0,Female,Pune,Savings,83000.0,716.0,11261.0,0,No
CUST2110,Karan Mehta,23.0,Female,Lucknow,Savings,54600.0,759.0,177677.0,36,No
CUST2111,Harpreet Rao,56.0,Male,Bengaluru,Savings,135200.0,619.0,135819.0,12,No
CUST2112,Yash Gupta,,Male,Chandigarh,Savings,76600.0,630.0,5486.0,12,No
CUST2113,Kavya Rao,39.0,Male,Lucknow,Savings,59600.0,610.0,434618.0,24,Yes
CUST2114,Diya Sharma,36.0,Male,Hyderabad,Current,53500.0,616.0,34615.0,36,No
CUST2115,Rohan Mehta,32.0,Male,Jaipur,Current,95400.0,672.0,111178.0,24,Yes
CUST2116,Simran Mehta,45.0,Female,Ahmedabad,Current,84100.0,,140860.0,48,No
CUST2117,Priya Gupta,33.0,Male,Chennai,Current,31000.0,591.0,26132.0,120,Yes
CUST2118,Nikita Reddy,41.0,Male,Lucknow,Savings,70200.0,729.0,138315.0,0,No
CUST2119,Nikita Joshi,24.0,Male,Delhi,Current,23300.0,674.0,278990.0,0,No
CUST2120,Yash Sharma,55.0,Female,Mumbai,Savings,40900.0,713.0,337410.0,36,No
CUST2121,Nikita Malhotra,29.0,Male,Lucknow,Current,24700.0,519.0,42529.0,24,Yes
CUST2122,Riya Mehta,45.0,Male,Jaipur,Savings,23700.0,613.0,316060.0,12,Yes
CUST2123,Sanya Iyer,,Male,Chennai,Savings,43000.0,633.0,101030.0,36,Yes
CUST2124,Aditya Chopra,28.0,Female,Chandigarh,Current,34100.0,683.0,228388.0,48,No
CUST2125,Sai Singh,28.0,Male,Ahmedabad,Savings,79500.0,630.0,160429.0,84,Yes
CUST2126,Arjun Singh,49.0,Female,Bengaluru,Savings,87600.0,759.0,51968.0,120,No
CUST2127,Rahul Patel,23.0,Male,Lucknow,Savings,56500.0,675.0,79557.0,60,No
CUST2128,Aditya Gupta,53.0,Female,Chandigarh,Current,29900.0,681.0,221155.0,12,No
CUST2129,Kavya Patel,40.0,Male,Jaipur,Savings,87900.0,681.0,65879.0,84,No
CUST2130,Diya Bose,39.0,Female,Ahmedabad,Current,15000.0,740.0,301326.0,48,No
CUST2131,Nikita Kaur,29.0,Female,Lucknow,Savings,15000.0,640.0,297838.0,0,No
CUST2132,Yash Patel,35.0,Female,Jaipur,Savings,85600.0,775.0,120422.0,120,Yes
CUST2133,Vihaan Kumar,51.0,Male,Hyderabad,Savings,83400.0,719.0,104712.0,0,No
CUST2134,Aditya Bose,57.0,Male,Jaipur,Savings,93000.0,693.0,179694.0,48,Yes
CUST2135,Sai Nair,58.0,Other,Lucknow,Current,57200.0,684.0,299510.0,48,Yes
CUST2136,Arjun Bose,46.0,Male,Delhi,Current,25700.0,724.0,20925.0,84,No
CUST2137,Vihaan Iyer,32.0,Male,Hyderabad,Savings,,766.0,14523.0,48,No
CUST2138,Sanya Iyer,24.0,Female,Chandigarh,Current,80700.0,760.0,531433.0,120,No
CUST2139,Rahul Rao,44.0,Male,Chennai,Savings,40600.0,712.0,131792.0,0,No
CUST2140,Harpreet Chopra,43.0,Male,Ahmedabad,Savings,42500.0,755.0,61131.0,0,No
CUST2141,Rohan Kaur,41.0,Male,Hyderabad,Current,21600.0,690.0,123060.0,0,No
CUST2142,Gurpreet Reddy,42.0,Male,Ahmedabad,Current,28600.0,786.0,74888.0,36,No
CUST2143,Sanya Rao,24.0,Male,Kolkata,Savings,89100.0,238.0,25117.0,24,Yes
CUST2144,Isha Reddy,37.0,Female,Ahmedabad,Current,77300.0,504.0,53023.0,0,No
CUST2145,Simran Rao,26.0,Male,Jaipur,Savings,,794.0,29378.0,0,No
CUST2146,Aditya Verma,56.0,Male,Ludhiana,Savings,31100.0,689.0,319279.0,36,No
CUST2147,Sai Reddy,57.0,Female,Jaipur,Current,46700.0,580.0,13241.0,24,No
CUST2148,Vihaan Iyer,54.0,Female,Chennai,Savings,80200.0,663.0,79204.0,60,Yes
CUST2149,Karan Bose,40.0,Female,Mumbai,Savings,28500.0,605.0,72085.0,24,No
CUST2150,Simran Kumar,53.0,Male,Pune,Savings,58600.0,859.0,90031.0,84,No
CUST2151,Harpreet Mehta,53.0,Female,Mumbai,Savings,15000.0,722.0,23764.0,60,No
CUST2152,Aman Malhotra,35.0,Female,Ahmedabad,Current,,547.0,275220.0,24,Yes
CUST2153,Diya Chopra,23.0,Male,Kolkata,Current,76300.0,726.0,112250.0,24,No
CUST2154,Vihaan Malhotra,55.0,Female,Ludhiana,Savings,90700.0,646.0,65131.0,0,No
CUST2155,Sanya Bose,45.0,Male,Hyderabad,Savings,28800.0,843.0,191495.0,12,No
CUST2156,Diya Patel,39.0,Female,Pune,Current,40400.0,591.0,303621.0,24,Yes
CUST2157,Neha Reddy,,Male,Chandigarh,Current,87700.0,489.0,479338.0,24,Yes
CUST2158,Simran Singh,,Female,Ahmedabad,Current,51900.0,686.0,470002.0,0,No
CUST2159,Arjun Sharma,56.0,Female,Chandigarh,Savings,47400.0,650.0,33789.0,24,Yes
CUST2160,Riya Singh,21.0,Female,Bengaluru,Savings,79300.0,645.0,53208.0,0,No
CUST2161,Diya Rao,21.0,Male,Chandigarh,Savings,69600.0,498.0,88813.0,84,Yes
CUST2162,Gurpreet Joshi,41.0,Other,Bengaluru,Savings,97200.0,716.0,302034.0,36,No
CUST2163,Neha Verma,42.0,Female,Ludhiana,Savings,87600.0,822.0,143538.0,0,No
CUST2164,Simran Kaur,30.0,Male,Delhi,Savings,46300.0,518.0,310989.0,12,Yes
CUST2165,Rahul Nair,36.0,Male,Ludhiana,Savings,60100.0,780.0,586346.0,12,No
CUST2166,Arjun Kaur,44.0,Female,Lucknow,Savings,61900.0,,433332.0,0,No
CUST2167,Meera Malhotra,52.0,Male,Chennai,Savings,22800.0,880.0,240560.0,24,No
CUST2168,Kavya Kumar,52.0,Female,Mumbai,Savings,34400.0,197.0,38129.0,0,No
CUST2169,Vihaan Bose,24.0,Female,Kolkata,Savings,93000.0,664.0,63728.0,0,No
CUST2170,Harpreet Nair,,Female,Delhi,Savings,15900.0,774.0,165121.0,48,No
CUST2171,Sai Malhotra,31.0,Female,Delhi,Current,93700.0,725.0,1675403.0,24,Yes
CUST2172,Kavya Malhotra,32.0,Male,Hyderabad,Current,72300.0,630.0,344337.0,48,No
CUST2173,Aditya Gupta,,Male,Jaipur,Savings,,740.0,170817.0,24,No
CUST2174,Simran Sharma,38.0,Male,Kolkata,Current,79900.0,637.0,178136.0,36,Yes
CUST2175,Aman Reddy,40.0,Female,Chennai,Savings,78100.0,528.0,133081.0,12,Yes
CUST2176,Aarav Mehta,61.0,Male,Bengaluru,Current,100100.0,853.0,130909.0,24,No
CUST2177,Aman Joshi,39.0,Female,Delhi,Savings,51700.0,650.0,21316.0,24,No
CUST2178,Rahul Chopra,51.0,Male,Kolkata,Savings,56800.0,628.0,160845.0,12,Yes
CUST2179,Nikita Verma,60.0,Female,Chennai,Current,56300.0,709.0,3088.0,60,No
CUST2180,Sanya Rao,61.0,Female,Hyderabad,Savings,120400.0,547.0,185567.0,0,No
CUST2181,Aman Mehta,34.0,Male,Chennai,Savings,92200.0,565.0,500872.0,0,No
CUST2182,Simran Rao,37.0,Other,Ahmedabad,Current,35900.0,638.0,32331.0,12,No
CUST2183,Rahul Iyer,,Female,Ludhiana,Savings,53700.0,636.0,219201.0,60,No
CUST2184,Gurpreet Rao,51.0,Male,Delhi,Current,42500.0,686.0,134483.0,60,No
CUST2185,Diya Sharma,37.0,Female,Delhi,Savings,64200.0,775.0,58199.0,36,No
CUST2186,Arjun Sharma,21.0,Male,Chennai,Savings,70200.0,640.0,188763.0,24,Yes
CUST2187,Meera Sharma,27.0,Female,Bengaluru,Savings,132800.0,722.0,21969.0,36,No
CUST2188,Ananya Kumar,28.0,Male,Mumbai,Savings,15000.0,731.0,127262.0,60,Yes
CUST2189,Aman Singh,24.0,Male,Lucknow,Current,94700.0,588.0,432471.0,0,No
CUST2190,Sanya Singh,23.0,Male,Mumbai,Savings,76900.0,699.0,373656.0,48,No
CUST2191,Yash Kaur,44.0,Female,Lucknow,Savings,42700.0,600.0,74634.0,48,Yes
CUST2192,Sai Sharma,30.0,Female,Delhi,Savings,59300.0,770.0,122763.0,24,No
CUST2193,Diya Kaur,60.0,Female,Ahmedabad,Savings,48900.0,719.0,142371.0,0,No
CUST2194,Aditya Gupta,44.0,Male,Kolkata,Current,65300.0,681.0,3223.0,36,No
CUST2195,Aditya Malhotra,44.0,Female,Pune,Savings,94100.0,566.0,81188.0,0,No
CUST2196,Aditya Sharma,42.0,Male,Pune,Savings,18100.0,690.0,257183.0,24,No
CUST2197,Meera Kumar,47.0,Male,Bengaluru,Current,103300.0,615.0,92006.0,36,Yes
CUST2198,Rohan Bose,53.0,Female,Mumbai,Savings,52600.0,740.0,10833.0,120,No
CUST2199,Nikita Iyer,34.0,Male,Lucknow,Savings,109100.0,670.0,274535.0,0,No
CUST2200,Priya Mehta,46.0,Female,Ludhiana,Savings,76200.0,611.0,220347.0,0,No
CUST2201,Meera Malhotra,44.0,Female,Jaipur,Savings,101000.0,759.0,106820.0,36,No
CUST2202,Sai Kaur,49.0,Male,Ahmedabad,Current,80900.0,741.0,162417.0,120,No
CUST2203,Sai Singh,51.0,Female,Pune,Current,96500.0,630.0,125790.0,0,No
CUST2204,Harpreet Kaur,52.0,Male,Lucknow,Savings,65600.0,,298944.0,36,No
CUST2205,Kavya Sharma,45.0,Female,Mumbai,Savings,38900.0,655.0,223924.0,0,No
CUST2206,Sai Mehta,23.0,Male,Ahmedabad,Savings,84100.0,654.0,257.0,36,No
CUST2207,Riya Bose,53.0,Male,Bengaluru,Savings,85300.0,691.0,180612.0,0,No
CUST2208,Rahul Joshi,60.0,Female,Ahmedabad,Savings,127100.0,616.0,35056.0,48,No
CUST2209,Aarav Sharma,43.0,Male,Kolkata,Savings,15000.0,642.0,94884.0,24,No
CUST2210,Rohan Patel,39.0,Male,Hyderabad,Savings,58000.0,666.0,150995.0,48,No
CUST2211,Nikita Patel,29.0,Female,Chennai,Current,95900.0,810.0,266763.0,12,No
CUST2212,Vihaan Verma,39.0,Male,Ahmedabad,Savings,26300.0,807.0,340818.0,0,No
CUST2213,Diya Malhotra,44.0,Female,Delhi,Current,57100.0,658.0,85457.0,0,No
CUST2214,Vihaan Mehta,,Female,Jaipur,Savings,127700.0,817.0,324493.0,12,No
CUST2215,Diya Patel,41.0,Female,Kolkata,Current,106600.0,676.0,455520.0,0,No
CUST2216,Priya Joshi,28.0,Male,Chandigarh,Savings,37500.0,712.0,79298.0,0,No
CUST2217,Meera Mehta,27.0,Female,Hyderabad,Current,106900.0,755.0,240454.0,36,No
CUST2218,Diya Gupta,42.0,Other,Mumbai,Savings,99600.0,705.0,23723.0,24,No
CUST2219,Gurpreet Mehta,46.0,Male,Chennai,Savings,87400.0,885.0,1165.0,60,No
CUST2220,Harpreet Rao,57.0,Female,Hyderabad,Current,,701.0,364644.0,24,No
CUST2221,Riya Singh,54.0,Male,Kolkata,Savings,71200.0,578.0,145237.0,36,Yes
CUST2222,Neha Kaur,44.0,Female,Chennai,Savings,37900.0,,92309.0,48,No
CUST2223,,26.0,Female,Chennai,Savings,48500.0,645.0,81951.0,84,Yes
CUST2224,Ananya Kaur,54.0,Female,Ludhiana,Savings,86100.0,654.0,8746.0,36,No
CUST2225,Gurpreet Verma,43.0,Female,Kolkata,Savings,68300.0,162.0,304285.0,0,No
CUST2226,Meera Malhotra,55.0,Female,Mumbai,Savings,119700.0,765.0,41110.0,24,No
CUST2227,Vivaan Malhotra,51.0,Male,Ahmedabad,Savings,54100.0,750.0,776632.0,0,No
CUST2228,Rahul Joshi,33.0,Female,Ludhiana,Savings,15000.0,,77032.0,36,No
CUST2229,Aman Mehta,37.0,Male,Hyderabad,Savings,54100.0,763.0,148632.0,0,No
CUST2230,Isha Patel,37.0,Male,Ludhiana,Current,72400.0,824.0,460113.0,36,No
CUST2231,Aditya Chopra,32.0,Male,Bengaluru,Savings,75600.0,189.0,11403.0,0,No
CUST2232,Diya Joshi,52.0,Female,Mumbai,Savings,66200.0,760.0,263406.0,84,No
CUST2233,Riya Rao,36.0,Female,Jaipur,Current,39400.0,617.0,59713.0,0,No
CUST2234,Vihaan Gupta,49.0,Female,Jaipur,Savings,109100.0,650.0,107727.0,48,No
CUST2235,Isha Sharma,43.0,Male,Pune,Savings,44200.0,770.0,357972.0,48,No
CUST2236,Riya Malhotra,37.0,Male,Hyderabad,Savings,85500.0,713.0,169263.0,12,No
CUST2237,Priya Singh,49.0,Male,Hyderabad,Savings,55500.0,567.0,7714.0,36,Yes
CUST2238,Vihaan Kaur,28.0,Female,Bengaluru,Savings,28200.0,711.0,65431.0,12,No
CUST2239,Priya Bose,,Female,Ludhiana,Current,106600.0,664.0,18619.0,12,Yes
CUST2240,Rahul Reddy,27.0,Female,Kolkata,Savings,15000.0,610.0,3628.0,12,No
CUST2241,Vihaan Kumar,25.0,Female,Jaipur,Current,38600.0,717.0,102305.0,0,No
CUST2242,Rahul Nair,55.0,Female,Hyderabad,Current,77200.0,646.0,60226.0,48,No
CUST2243,Yash Malhotra,54.0,Male,Lucknow,Savings,,547.0,213059.0,0,No
CUST2244,Neha Verma,48.0,Male,Lucknow,Savings,86800.0,586.0,95737.0,0,No
CUST2245,Neha Reddy,58.0,Male,Jaipur,Savings,61200.0,830.0,22973.0,0,No
CUST2246,Nikita Gupta,45.0,Female,Chennai,Savings,50600.0,551.0,521897.0,60,Yes
CUST2247,Arjun Malhotra,25.0,Female,Ludhiana,Savings,129200.0,699.0,31396.0,36,Yes
CUST2248,Aman Joshi,36.0,Male,Jaipur,Current,57700.0,732.0,163803.0,24,No
CUST2249,Karan Reddy,31.0,Male,Ludhiana,Savings,59500.0,734.0,70077.0,36,No
CUST2250,Diya Patel,50.0,Male,Lucknow,Current,31800.0,576.0,26970.0,60,Yes
CUST2251,Priya Iyer,28.0,Female,Mumbai,Savings,41800.0,,108179.0,36,No
CUST2252,Diya Singh,45.0,Female,Ahmedabad,Savings,83800.0,692.0,96158.0,36,No
CUST2253,Simran Singh,55.0,Female,Ludhiana,Savings,81200.0,748.0,560.0,12,No
CUST2254,Sai Patel,28.0,Male,Kolkata,Current,,625.0,423856.0,36,Yes
CUST2255,Nikita Nair,58.0,Male,Chennai,Savings,43300.0,581.0,341425.0,120,Yes
CUST2256,Neha Verma,49.0,Female,Pune,Savings,85000.0,765.0,66216.0,36,No
CUST2257,Isha Mehta,22.0,Female,Chennai,Current,15000.0,774.0,105221.0,24,No
CUST2258,Harpreet Kaur,42.0,Female,Ahmedabad,Savings,54100.0,711.0,322636.0,84,No
CUST2259,Rahul Kumar,34.0,Male,Mumbai,Savings,56800.0,628.0,462821.0,0,No
CUST2260,Vihaan Verma,49.0,Female,Kolkata,Savings,39000.0,715.0,686435.0,0,No
CUST2261,Arjun Mehta,28.0,Male,Kolkata,Savings,69000.0,689.0,122623.0,60,No
CUST2262,Rahul Gupta,41.0,Female,Ludhiana,Savings,,751.0,243223.0,120,No
CUST2263,Karan Gupta,40.0,Male,Delhi,Savings,40300.0,574.0,237420.0,0,No
CUST2264,Nikita Gupta,,Male,Kolkata,Current,118600.0,690.0,446656.0,0,No
CUST2265,Priya Verma,58.0,Female,Ahmedabad,Savings,86700.0,666.0,85712.0,0,No
CUST2266,Simran Rao,59.0,Male,Hyderabad,Savings,100500.0,586.0,206982.0,36,Yes
CUST2267,Simran Kumar,23.0,Female,Ludhiana,Current,66100.0,698.0,251001.0,0,No
CUST2268,Nikita Kumar,53.0,Female,Lucknow,Savings,93500.0,683.0,564416.0,36,No
CUST2269,Harpreet Joshi,28.0,Female,Jaipur,Savings,88000.0,645.0,54829.0,48,No
CUST2270,Riya Kaur,27.0,Male,Kolkata,Savings,101000.0,714.0,126921.0,0,No
CUST2271,Nikita Gupta,40.0,Female,Mumbai,Savings,135700.0,559.0,379531.0,84,Yes
CUST2272,Aarav Reddy,60.0,Male,Mumbai,Savings,57800.0,675.0,122451.0,12,No
CUST2273,Arjun Rao,42.0,Female,Ahmedabad,Savings,72400.0,717.0,192882.0,36,No
CUST2274,Nikita Reddy,45.0,Female,Mumbai,Savings,63100.0,704.0,45114.0,24,No
CUST2275,Diya Chopra,51.0,Male,Lucknow,Savings,15000.0,771.0,69608.0,12,No
CUST2276,Meera Verma,40.0,Male,Pune,Savings,22800.0,578.0,11272.0,24,No
CUST2277,Priya Chopra,38.0,Female,Delhi,Current,65300.0,552.0,401820.0,0,No
CUST2278,Vivaan Mehta,49.0,Male,Jaipur,Savings,83700.0,700.0,25232.0,24,No
CUST2279,Karan Joshi,26.0,Male,Bengaluru,Savings,47500.0,719.0,89398.0,12,Yes
CUST2280,Nikita Malhotra,57.0,Female,Chandigarh,Savings,98800.0,860.0,85970.0,24,No
CUST2281,Isha Patel,35.0,Male,Chennai,Savings,103300.0,732.0,61365.0,0,No
CUST2282,Simran Verma,45.0,Male,Pune,Savings,52400.0,606.0,6450.0,12,Yes
CUST2283,Sai Iyer,61.0,Female,Hyderabad,Current,107500.0,749.0,91367.0,48,No
CUST2284,Sanya Mehta,52.0,Female,Kolkata,Savings,117400.0,608.0,79648.0,120,Yes
CUST2285,Gurpreet Singh,51.0,Female,Bengaluru,Current,78800.0,554.0,30551.0,0,No
CUST2286,Ananya Kumar,54.0,Male,Delhi,Current,35400.0,900.0,66035.0,84,No
CUST2287,Simran Iyer,25.0,Male,Pune,Savings,108900.0,708.0,124117.0,36,No
CUST2288,Sai Chopra,39.0,Female,Chandigarh,Current,60000.0,741.0,90440.0,0,No
CUST2289,Priya Rao,54.0,Other,Kolkata,Current,,728.0,323116.0,0,No
CUST2290,Rohan Gupta,31.0,Male,Chennai,Savings,68400.0,834.0,17730.0,84,No
CUST2291,Rahul Gupta,33.0,Female,Ahmedabad,Savings,48800.0,704.0,504040.0,0,No
CUST2292,Vivaan Mehta,56.0,Female,Chandigarh,Savings,97100.0,784.0,139633.0,0,No
CUST2293,Meera Malhotra,,Male,Pune,Current,88300.0,593.0,318683.0,48,Yes
CUST2294,Vihaan Chopra,31.0,Male,Chandigarh,Savings,101500.0,562.0,155580.0,48,No
CUST2295,Kavya Bose,21.0,Female,Ludhiana,Savings,82400.0,801.0,89733.0,84,No
CUST2296,Priya Bose,40.0,Male,Jaipur,Savings,,805.0,599873.0,36,No
CUST2297,Gurpreet Joshi,56.0,Female,Bengaluru,Current,60200.0,723.0,364743.0,12,No
CUST2298,Aditya Mehta,43.0,Male,Pune,Current,91300.0,699.0,356512.0,12,No
CUST2299,Neha Reddy,27.0,Male,Ludhiana,Savings,52800.0,,752063.0,0,No
CUST2300,Diya Malhotra,40.0,Male,Kolkata,Current,152600.0,,131957.0,36,No
CUST2301,Arjun Gupta,39.0,Female,Ludhiana,Savings,57700.0,,40341.0,120,No
CUST2302,Nikita Mehta,45.0,Male,Kolkata,Savings,47400.0,736.0,49803.0,0,No
CUST2303,Neha Mehta,48.0,Female,Ludhiana,Savings,99500.0,723.0,248537.0,24,No
CUST2304,Diya Chopra,31.0,Female,Hyderabad,Savings,87400.0,712.0,240384.0,24,No
CUST2305,Arjun Nair,41.0,Female,Delhi,Savings,64200.0,769.0,26908.0,0,No
CUST2306,Vihaan Reddy,41.0,Male,Mumbai,Savings,58100.0,723.0,174689.0,36,No
CUST2307,Isha Reddy,27.0,Male,Chandigarh,Current,,743.0,224534.0,120,No
CUST2308,Riya Sharma,41.0,Male,Ahmedabad,Savings,90100.0,581.0,27304.0,12,Yes
CUST2309,Isha Joshi,26.0,Female,Pune,Savings,87900.0,723.0,877031.0,48,No
CUST2310,Meera Iyer,29.0,Female,Jaipur,Savings,56000.0,866.0,472850.0,84,No
CUST2311,Aditya Reddy,32.0,Male,Chennai,Savings,78000.0,636.0,410112.0,12,Yes
CUST2312,Yash Iyer,60.0,Female,Kolkata,Current,90300.0,669.0,44849.0,84,No
CUST2313,Aarav Chopra,23.0,Female,Hyderabad,Current,87900.0,756.0,107213.0,48,No
CUST2314,Harpreet Reddy,56.0,Female,Ahmedabad,Current,15000.0,,71127.0,36,No
CUST2315,Aarav Joshi,29.0,Female,Pune,Savings,38300.0,733.0,10236.0,0,No
CUST2316,Ananya Rao,,Female,Chennai,Savings,41700.0,543.0,92760.0,12,Yes
CUST2317,Isha Reddy,26.0,Female,Pune,Savings,58100.0,723.0,29825.0,0,No
CUST2318,Gurpreet Gupta,46.0,Male,Kolkata,Current,70400.0,579.0,214779.0,84,Yes
CUST2319,Aarav Mehta,40.0,Male,Bengaluru,Savings,92600.0,610.0,94462.0,60,Yes
CUST2320,Sanya Bose,30.0,Female,Bengaluru,Savings,83500.0,,241908.0,0,No
CUST2321,Vihaan Gupta,35.0,Male,Chennai,Savings,61200.0,655.0,72305.0,36,Yes
CUST2322,Isha Chopra,37.0,Male,Pune,Savings,65700.0,749.0,125186.0,0,No
CUST2323,Rahul Joshi,45.0,Other,Kolkata,Savings,117800.0,900.0,318373.0,60,No
CUST2324,Isha Rao,51.0,Female,Hyderabad,Savings,46600.0,746.0,97382.0,36,No
CUST2325,Ananya Verma,32.0,Female,Jaipur,Savings,74100.0,741.0,579623.0,120,No
CUST2326,Meera Verma,36.0,Female,Ludhiana,Savings,112000.0,604.0,100352.0,48,Yes
CUST2327,Aman Bose,22.0,Male,Hyderabad,Current,,625.0,208719.0,0,No
CUST2328,Aditya Verma,31.0,Other,Pune,Savings,15000.0,590.0,33642.0,24,No
CUST2329,Arjun Gupta,34.0,Female,Delhi,Current,76200.0,635.0,10718.0,36,No
CUST2330,Karan Kaur,54.0,Male,Kolkata,Savings,53400.0,587.0,340155.0,84,Yes
CUST2331,Sanya Nair,51.0,Male,Hyderabad,Savings,61600.0,624.0,435429.0,24,Yes
CUST2332,Sanya Mehta,52.0,Male,Chennai,Savings,96500.0,662.0,534175.0,0,No
CUST2333,Nikita Singh,31.0,Female,Bengaluru,Current,79100.0,595.0,193595.0,12,Yes
CUST2334,Meera Rao,,Male,Ludhiana,Savings,57100.0,559.0,395826.0,0,No
CUST2335,Harpreet Singh,37.0,Male,Delhi,Savings,91800.0,564.0,502729.0,0,No
CUST2336,Nikita Mehta,38.0,Female,Chandigarh,Savings,78100.0,719.0,135046.0,12,No
CUST2337,Vihaan Verma,51.0,Female,Chandigarh,Savings,68200.0,685.0,28072.0,0,No
CUST2338,Ananya Nair,56.0,Female,Ahmedabad,Savings,74000.0,767.0,107098.0,36,Yes
CUST2339,Vihaan Sharma,37.0,Female,Chennai,Savings,72600.0,769.0,43457.0,84,No
CUST2340,Aditya Patel,29.0,Male,Chennai,Savings,54800.0,651.0,358926.0,120,Yes
CUST2341,Kavya Kumar,57.0,Male,Pune,Savings,51200.0,737.0,118112.0,0,No
CUST2342,Meera Chopra,42.0,Female,Ludhiana,Savings,65800.0,558.0,101435.0,36,Yes
CUST2343,Sai Nair,58.0,Male,Kolkata,Savings,36400.0,874.0,256352.0,48,No
CUST2344,,36.0,Female,Hyderabad,Savings,27200.0,782.0,348794.0,0,No
CUST2345,Sanya Bose,33.0,Female,Delhi,Savings,,662.0,443090.0,36,Yes
CUST2346,Ananya Rao,23.0,Female,Lucknow,Current,57800.0,581.0,411528.0,0,No
CUST2347,Ananya Rao,51.0,Female,Lucknow,Savings,64300.0,712.0,137287.0,24,No
CUST2348,Priya Singh,41.0,Male,Chennai,Savings,60900.0,521.0,1147773.0,12,Yes
CUST2349,Vivaan Reddy,31.0,Male,Chandigarh,Current,65700.0,614.0,172945.0,60,Yes
CUST2350,Simran Singh,39.0,Female,Lucknow,Savings,65700.0,744.0,603719.0,0,No
CUST2351,Karan Verma,26.0,Male,Bengaluru,Current,67000.0,686.0,17699.0,36,No
CUST2352,Meera Sharma,60.0,Female,Mumbai,Savings,40900.0,638.0,27583.0,36,No
CUST2353,Yash Iyer,38.0,Male,Hyderabad,Current,93000.0,761.0,90976.0,12,No
CUST2354,Nikita Verma,33.0,Female,Ludhiana,Savings,44200.0,592.0,110191.0,84,Yes
CUST2355,Arjun Gupta,45.0,Male,Kolkata,Current,96000.0,,226759.0,12,Yes
CUST2356,Rohan Joshi,53.0,Male,Ludhiana,Current,15000.0,638.0,333374.0,12,Yes
CUST2357,Neha Nair,59.0,Female,Bengaluru,Savings,33200.0,608.0,91412.0,48,Yes
CUST2358,Sanya Gupta,48.0,Female,Chandigarh,Current,94800.0,719.0,421074.0,24,No
CUST2359,Vihaan Malhotra,26.0,Female,Ahmedabad,Savings,60600.0,596.0,18355.0,48,Yes
CUST2360,Nikita Kumar,38.0,Female,Chennai,Current,44900.0,842.0,364.0,0,No
CUST2361,Ananya Iyer,50.0,Male,Jaipur,Savings,76300.0,630.0,263976.0,0,No
CUST2362,Harpreet Kumar,54.0,Male,Kolkata,Current,33600.0,849.0,214096.0,48,No
CUST2363,Gurpreet Iyer,40.0,Female,Jaipur,Current,67300.0,,617855.0,24,Yes
CUST2364,Aman Malhotra,55.0,Female,Ludhiana,Savings,15000.0,732.0,50237.0,84,Yes
CUST2365,Riya Iyer,26.0,Male,Ludhiana,Savings,51400.0,578.0,635672.0,0,No
CUST2366,Yash Reddy,35.0,Female,Mumbai,Savings,45500.0,,12385.0,0,No
CUST2367,Sanya Mehta,60.0,Male,Delhi,Current,81200.0,,248944.0,84,No
CUST2368,Arjun Joshi,29.0,Male,Ludhiana,Savings,91300.0,738.0,580285.0,24,No
CUST2369,Kavya Gupta,49.0,Female,Bengaluru,Current,39400.0,572.0,28754.0,0,No
CUST2370,Ananya Gupta,29.0,Female,Delhi,Savings,113300.0,781.0,591197.0,0,No
CUST2371,Isha Verma,26.0,Other,Pune,Current,47200.0,612.0,781.0,60,No
CUST2372,Rohan Bose,27.0,Female,Chandigarh,Current,15000.0,691.0,152624.0,12,No
CUST2373,Yash Bose,58.0,Male,Ludhiana,Savings,15000.0,712.0,69005.0,36,No
CUST2374,Sai Singh,61.0,Female,Chennai,Savings,111200.0,731.0,184400.0,60,No
CUST2375,Aman Bose,25.0,Male,Kolkata,Savings,62400.0,527.0,24127.0,36,Yes
CUST2376,Gurpreet Singh,50.0,Male,Ludhiana,Savings,45600.0,818.0,27449.0,60,No
CUST2377,Simran Iyer,24.0,Male,Hyderabad,Savings,42600.0,728.0,825585.0,120,Yes
CUST2378,Meera Nair,54.0,Female,Pune,Current,32200.0,644.0,104710.0,12,Yes
CUST2379,Rohan Rao,34.0,Male,Lucknow,Current,105600.0,593.0,13453.0,84,Yes
CUST2380,Gurpreet Sharma,22.0,Male,Delhi,Savings,62500.0,536.0,71716.0,36,Yes
CUST2381,Harpreet Patel,59.0,Male,Delhi,Current,118700.0,564.0,153038.0,0,No
CUST2382,Isha Kaur,58.0,Male,Lucknow,Savings,59000.0,726.0,286598.0,0,No
CUST2383,Yash Verma,22.0,Male,Chennai,Current,15000.0,651.0,465297.0,12,Yes
CUST2384,Karan Singh,36.0,Female,Jaipur,Current,90300.0,584.0,752775.0,0,No
CUST2385,Rahul Nair,58.0,Female,Chennai,Savings,54000.0,635.0,2762.0,60,Yes
CUST2386,Nikita Rao,35.0,Male,Lucknow,Current,57900.0,813.0,57213.0,36,No
CUST2387,Aditya Mehta,46.0,Female,Chandigarh,Savings,112000.0,,317782.0,0,No
CUST2388,Harpreet Joshi,56.0,Female,Chandigarh,Savings,57100.0,630.0,274276.0,84,No
CUST2389,Yash Mehta,23.0,Male,Bengaluru,Current,99900.0,795.0,79041.0,36,No
CUST2390,Nikita Chopra,,Female,Pune,Savings,64900.0,719.0,129842.0,24,No
CUST2391,Diya Joshi,44.0,Male,Delhi,Savings,42400.0,684.0,27121.0,0,No
CUST2392,Aman Malhotra,58.0,Female,Chennai,Savings,80200.0,628.0,284756.0,24,Yes
CUST2393,Yash Chopra,39.0,Female,Kolkata,Current,47000.0,548.0,136068.0,84,Yes
CUST2394,Isha Kumar,55.0,Male,Delhi,Current,101800.0,581.0,25515.0,36,No
CUST2395,Diya Gupta,44.0,Female,Ahmedabad,Savings,93800.0,639.0,145011.0,24,No
CUST2396,Vivaan Mehta,38.0,Female,Bengaluru,Current,,661.0,17014.0,36,No
CUST2397,Harpreet Gupta,51.0,Female,Mumbai,Savings,83300.0,710.0,227677.0,36,Yes
CUST2398,Kavya Rao,55.0,Female,Ahmedabad,Savings,81900.0,727.0,156272.0,36,No
CUST2399,Nikita Kaur,48.0,Female,Lucknow,Savings,56700.0,699.0,185591.0,0,No
CUST2400,Yash Patel,46.0,Male,Chandigarh,Savings,91900.0,699.0,47887.0,0,No
CUST2401,Nikita Rao,61.0,Female,Bengaluru,Savings,58200.0,594.0,436503.0,0,No
CUST2402,Neha Gupta,45.0,Male,Jaipur,Savings,83500.0,497.0,301200.0,60,No
CUST2403,Diya Iyer,27.0,Female,Ludhiana,Savings,36500.0,636.0,73825.0,0,No
CUST2404,Ananya Verma,58.0,Female,Jaipur,Savings,,599.0,120377.0,12,Yes
CUST2405,Arjun Bose,54.0,Male,Mumbai,Current,77500.0,625.0,2085.0,36,No
CUST2406,Kavya Kaur,36.0,Male,Hyderabad,Savings,,657.0,100812.0,24,No
CUST2407,Meera Mehta,37.0,Female,Lucknow,Savings,52600.0,574.0,580586.0,84,Yes
CUST2408,Aditya Kumar,48.0,Female,Pune,Savings,,586.0,26812.0,0,No
CUST2409,Neha Mehta,53.0,Female,Bengaluru,Savings,86900.0,671.0,379809.0,0,No
CUST2410,Riya Chopra,,Male,Delhi,Savings,43500.0,690.0,7800.0,0,No
CUST2411,Gurpreet Malhotra,57.0,Female,Ludhiana,Current,78300.0,624.0,11701.0,24,No
CUST2412,Gurpreet Bose,23.0,Male,Delhi,Current,110900.0,722.0,98481.0,12,No
CUST2413,Sai Reddy,61.0,Female,Lucknow,Current,75800.0,661.0,111010.0,24,No
CUST2414,Sai Reddy,40.0,Female,Ahmedabad,Savings,16800.0,593.0,112907.0,48,Yes
CUST2415,Aarav Chopra,31.0,Female,Chennai,Current,68900.0,683.0,524745.0,12,No
CUST2416,Sai Joshi,29.0,Male,Bengaluru,Savings,96400.0,840.0,45085.0,48,No
CUST2417,Simran Patel,39.0,Male,Mumbai,Savings,56600.0,623.0,415232.0,0,No
CUST2418,Meera Malhotra,33.0,Female,Kolkata,Savings,98500.0,779.0,107219.0,36,No
CUST2419,Meera Singh,59.0,Male,Ahmedabad,Current,83700.0,797.0,17550.0,84,No
CUST2420,,41.0,Female,Chennai,Current,77800.0,807.0,141810.0,120,No
CUST2421,Karan Mehta,59.0,Male,Hyderabad,Savings,57400.0,610.0,84236.0,36,No
CUST2422,Vihaan Verma,,Male,Ahmedabad,Savings,49900.0,851.0,118198.0,120,No
CUST2423,Simran Chopra,36.0,Female,Hyderabad,Current,57600.0,690.0,53265.0,0,No
CUST2424,Gurpreet Sharma,37.0,Female,Bengaluru,Current,67100.0,658.0,1075.0,12,No
CUST2425,Priya Bose,59.0,Female,Jaipur,Savings,81000.0,660.0,33721.0,24,No
CUST2426,Harpreet Nair,47.0,Female,Ludhiana,Savings,77900.0,731.0,87763.0,36,No
CUST2427,Riya Reddy,37.0,Male,Hyderabad,Savings,56300.0,684.0,22630.0,60,No
CUST2428,Vivaan Chopra,51.0,Female,Bengaluru,Savings,67300.0,665.0,399228.0,24,Yes
CUST2429,Karan Iyer,36.0,Male,Hyderabad,Savings,76900.0,789.0,88797.0,0,No
CUST2430,Sanya Chopra,29.0,Female,Kolkata,Savings,,619.0,604421.0,48,Yes
CUST2431,Yash Verma,52.0,Male,Hyderabad,Savings,,591.0,18662.0,0,No
CUST2432,Sanya Kaur,24.0,Male,Mumbai,Savings,41400.0,747.0,242392.0,84,No
CUST2433,Kavya Iyer,40.0,Male,Hyderabad,Savings,59200.0,740.0,31643.0,0,No
CUST2434,Aarav Rao,37.0,Female,Delhi,Savings,57100.0,773.0,44119.0,12,No
CUST2435,Priya Sharma,39.0,Female,Kolkata,Current,57600.0,589.0,230420.0,0,No
CUST2436,Rahul Nair,29.0,Female,Ludhiana,Savings,39200.0,772.0,396491.0,12,No
CUST2437,Aditya Malhotra,36.0,Female,Mumbai,Current,85600.0,,204337.0,36,No
CUST2438,Vivaan Iyer,26.0,Male,Mumbai,Current,73700.0,830.0,61550.0,12,No
CUST2439,Harpreet Verma,38.0,Female,Chennai,Savings,16100.0,574.0,17579.0,0,No
CUST2440,Harpreet Kaur,51.0,Male,Lucknow,Savings,65800.0,699.0,27540.0,36,No
CUST2441,Diya Singh,26.0,Female,Chennai,Savings,31600.0,656.0,121380.0,48,Yes
CUST2442,Aarav Singh,27.0,Male,Chandigarh,Savings,116500.0,545.0,67778.0,0,No
CUST2443,Ananya Rao,23.0,Female,Bengaluru,Savings,51800.0,619.0,404908.0,24,Yes
CUST2444,Karan Singh,55.0,Male,Delhi,Current,53600.0,776.0,170946.0,0,No
CUST2445,Simran Nair,51.0,Female,Jaipur,Savings,68000.0,640.0,38847.0,0,No
CUST2446,Nikita Mehta,22.0,Male,Mumbai,Current,59500.0,619.0,35479.0,24,Yes
CUST2447,Sanya Chopra,44.0,Male,Mumbai,Current,63700.0,754.0,140519.0,12,No
CUST2448,Aditya Iyer,40.0,Male,Pune,Savings,111900.0,764.0,24255.0,84,No
CUST2449,Meera Mehta,48.0,Female,Bengaluru,Savings,72300.0,245.0,113936.0,0,No
CUST2450,Vihaan Nair,36.0,Female,Ahmedabad,Savings,90500.0,613.0,90600.0,36,No
CUST2451,Gurpreet Kaur,53.0,Male,Pune,Current,99300.0,675.0,150484.0,48,No
CUST2452,Aarav Joshi,,Male,Ludhiana,Savings,36300.0,194.0,94406.0,24,Yes
CUST2453,Isha Malhotra,30.0,Female,Chennai,Current,116200.0,624.0,24787.0,36,Yes
CUST2454,Priya Malhotra,41.0,Male,Chennai,Savings,86200.0,616.0,190005.0,0,No
CUST2455,Meera Reddy,30.0,Female,Bengaluru,Current,94200.0,750.0,70319.0,12,No
CUST2456,Aditya Iyer,41.0,Male,Ludhiana,Savings,39600.0,813.0,78385.0,0,No
CUST2457,Ananya Reddy,32.0,Male,Kolkata,Savings,90000.0,582.0,206451.0,84,No
CUST2458,Arjun Chopra,38.0,Female,Lucknow,Savings,77900.0,,255778.0,0,No
CUST2459,Sanya Reddy,33.0,Male,Pune,Savings,49400.0,557.0,876497.0,0,No
CUST2460,Meera Nair,42.0,Male,Jaipur,Current,134000.0,,82147.0,48,No
CUST2461,Vivaan Mehta,52.0,Male,Ludhiana,Savings,82500.0,668.0,257336.0,24,Yes
CUST2462,Rahul Iyer,49.0,Female,Ludhiana,Savings,58400.0,732.0,615185.0,36,No
CUST2463,Vivaan Patel,36.0,Other,Chandigarh,Savings,71400.0,,58418.0,12,No
CUST2464,Vihaan Joshi,41.0,Male,Hyderabad,Current,92900.0,620.0,316232.0,0,No
CUST2465,Gurpreet Reddy,34.0,Female,Lucknow,Savings,99500.0,693.0,8340.0,60,No
CUST2466,Kavya Joshi,33.0,Male,Jaipur,Savings,83000.0,598.0,271045.0,0,No
CUST2467,Aditya Mehta,47.0,Female,Hyderabad,Current,102100.0,,69735.0,12,No
CUST2468,Yash Nair,53.0,Male,Ludhiana,Savings,109700.0,625.0,18708.0,60,Yes
CUST2469,Harpreet Chopra,28.0,Male,Hyderabad,Savings,28500.0,900.0,38839.0,12,No
CUST2470,Rahul Sharma,31.0,Female,Ahmedabad,Current,51000.0,749.0,562844.0,120,No
CUST2471,Aman Reddy,25.0,Female,Kolkata,Savings,37400.0,609.0,55701.0,0,No
CUST2472,Nikita Joshi,61.0,Male,Hyderabad,Savings,68500.0,595.0,670794.0,36,Yes
CUST2473,Ananya Kaur,49.0,Male,Bengaluru,Current,108900.0,643.0,43025.0,36,Yes
CUST2474,Riya Iyer,27.0,Female,Ahmedabad,Current,85200.0,540.0,202725.0,36,No
CUST2475,Gurpreet Malhotra,52.0,Other,Chandigarh,Savings,34200.0,618.0,126341.0,60,No
CUST2476,Harpreet Malhotra,33.0,Female,Kolkata,Savings,56800.0,617.0,286040.0,0,No
CUST2477,Ananya Kaur,33.0,Female,Delhi,Savings,96500.0,755.0,38009.0,36,No
CUST2478,Kavya Reddy,41.0,Other,Ludhiana,Current,49700.0,644.0,74932.0,60,No
CUST2479,Aditya Gupta,47.0,Female,Bengaluru,Savings,62700.0,,73085.0,0,No
CUST2480,Isha Kumar,48.0,Female,Ludhiana,Savings,74700.0,566.0,151808.0,36,Yes
CUST2481,Priya Kumar,22.0,Male,Ahmedabad,Savings,15000.0,,154327.0,24,Yes
CUST2482,Sai Reddy,51.0,Male,Chandigarh,Savings,89000.0,,64713.0,24,No
CUST2483,Rohan Bose,37.0,Female,Ahmedabad,Savings,75900.0,662.0,208593.0,36,Yes
CUST2484,Karan Patel,58.0,Female,Mumbai,Current,82700.0,776.0,43522.0,36,No
CUST2485,Diya Nair,44.0,Male,Chennai,Savings,36200.0,627.0,165339.0,48,Yes
CUST2486,Sanya Patel,59.0,Male,Chennai,Current,,770.0,4142.0,84,No
CUST2487,Sai Kaur,31.0,Male,Chandigarh,Savings,47700.0,702.0,337995.0,48,Yes
CUST2488,Harpreet Bose,48.0,Female,Lucknow,Savings,73100.0,680.0,146733.0,120,No
CUST2489,Ananya Rao,35.0,Male,Kolkata,Savings,67700.0,509.0,118030.0,48,Yes
CUST2490,Nikita Reddy,56.0,Female,Lucknow,Current,69400.0,570.0,3425.0,12,No
CUST2491,Isha Kumar,45.0,Male,Ahmedabad,Savings,119400.0,743.0,590376.0,0,No
CUST2492,Diya Rao,,Female,Chennai,Savings,104800.0,799.0,29127.0,0,No
CUST2493,Diya Nair,45.0,Female,Mumbai,Current,44000.0,698.0,135057.0,12,Yes
CUST2494,Sanya Malhotra,52.0,Male,Lucknow,Savings,46000.0,745.0,5371.0,0,No
CUST2495,Vihaan Verma,27.0,Male,Lucknow,Savings,117100.0,645.0,55125.0,48,No
CUST2496,Sai Joshi,30.0,Male,Ludhiana,Current,56100.0,,148309.0,48,Yes
CUST2497,Sai Patel,49.0,Female,Mumbai,Savings,107000.0,624.0,292981.0,36,No
CUST2498,Karan Nair,28.0,Male,Pune,Current,113600.0,763.0,113570.0,24,No
CUST2499,Vivaan Singh,24.0,Male,Kolkata,Savings,49300.0,709.0,123849.0,24,No
CUST2500,Yash Reddy,43.0,Male,Ludhiana,Current,57500.0,660.0,714886.0,12,Yes
CUST2501,Ananya Joshi,60.0,Male,Lucknow,Savings,68100.0,652.0,61729.0,84,No
CUST2502,Riya Joshi,33.0,Female,Pune,Current,39700.0,727.0,34145.0,0,No
CUST2503,Vihaan Nair,29.0,Female,Chandigarh,Savings,36300.0,707.0,97201.0,12,No
CUST2504,Gurpreet Mehta,50.0,Female,Bengaluru,Savings,53600.0,609.0,104084.0,36,No
CUST2505,Aman Nair,31.0,Female,Lucknow,Savings,91200.0,826.0,280254.0,0,No
CUST2506,Gurpreet Patel,52.0,Female,Lucknow,Savings,52200.0,702.0,9179.0,84,No
CUST2507,Priya Iyer,,Male,Jaipur,Savings,59400.0,681.0,21620.0,24,No
CUST2508,Diya Singh,28.0,Female,Chandigarh,Savings,51600.0,806.0,139312.0,24,No
CUST2509,Karan Patel,61.0,Female,Bengaluru,Current,,767.0,108742.0,0,No
CUST2510,Karan Chopra,45.0,Female,Bengaluru,Savings,110100.0,673.0,804734.0,12,No
CUST2511,Gurpreet Mehta,32.0,Female,Delhi,Savings,15000.0,,56448.0,36,No
CUST2512,Karan Sharma,39.0,Female,Jaipur,Savings,46000.0,589.0,131275.0,12,Yes
CUST2513,Arjun Chopra,45.0,Male,Hyderabad,Savings,82400.0,626.0,85567.0,0,No
CUST2514,Neha Joshi,22.0,Female,Chennai,Current,23700.0,488.0,268814.0,36,Yes
CUST2515,Riya Nair,61.0,Female,Delhi,Savings,,,59540.0,12,No
CUST2516,Sai Sharma,40.0,Male,Chennai,Savings,103200.0,519.0,284537.0,60,Yes
CUST2517,Vihaan Malhotra,59.0,Male,Chandigarh,Savings,39800.0,738.0,373924.0,48,No
CUST2518,Rohan Singh,53.0,Male,Delhi,Current,71900.0,609.0,27933.0,48,No
CUST2519,Isha Malhotra,22.0,Female,Delhi,Savings,32300.0,,31876.0,84,No
CUST2520,Kavya Reddy,53.0,Male,Chennai,Savings,80800.0,663.0,130305.0,60,Yes
CUST2521,Ananya Malhotra,42.0,Male,Chennai,Savings,68200.0,703.0,226843.0,12,Yes
CUST2522,Rahul Kumar,57.0,Female,Bengaluru,Savings,72100.0,732.0,66851.0,36,No
CUST2523,Ananya Nair,,Female,Bengaluru,Savings,106600.0,831.0,32895.0,12,No
CUST2524,Arjun Iyer,32.0,Female,Pune,Current,79700.0,710.0,572460.0,0,No
CUST2525,Rahul Malhotra,49.0,Other,Delhi,Savings,106000.0,755.0,167409.0,0,No
CUST2526,Vihaan Singh,32.0,Male,Chandigarh,Savings,84600.0,629.0,285359.0,0,No
CUST2527,Vivaan Bose,34.0,Female,Hyderabad,Savings,29600.0,,113132.0,0,No
CUST2528,Isha Kumar,45.0,Male,Kolkata,Current,73400.0,693.0,215738.0,0,No
CUST2529,Nikita Kumar,34.0,Male,Delhi,Savings,80300.0,641.0,656340.0,48,Yes
CUST2530,Sai Kumar,59.0,Female,Bengaluru,Savings,22200.0,672.0,125605.0,12,No
CUST2531,Kavya Verma,21.0,Male,Lucknow,Current,105600.0,675.0,628078.0,0,No
CUST2532,Priya Reddy,36.0,Female,Kolkata,Current,67600.0,696.0,129587.0,24,No
CUST2533,Yash Mehta,22.0,Female,Ludhiana,Current,76600.0,714.0,120480.0,0,No
CUST2534,Kavya Chopra,50.0,Female,Mumbai,Current,38700.0,637.0,302138.0,48,No
CUST2535,Gurpreet Singh,43.0,Female,Kolkata,Savings,67800.0,617.0,196739.0,0,No
CUST2536,Vihaan Gupta,27.0,Male,Chennai,Savings,74600.0,744.0,25424.0,36,No
CUST2537,Vivaan Patel,24.0,Male,Lucknow,Savings,55800.0,536.0,43217.0,0,No
CUST2538,Gurpreet Mehta,51.0,Female,Kolkata,Savings,68000.0,627.0,329601.0,24,Yes
CUST2539,Kavya Nair,,Male,Jaipur,Savings,15000.0,812.0,40502.0,84,No
CUST2540,Harpreet Rao,55.0,Male,Chandigarh,Savings,106400.0,450.0,57410.0,12,Yes
CUST2541,Ananya Malhotra,34.0,Male,Chennai,Savings,32100.0,621.0,119571.0,36,Yes
CUST2542,Neha Kaur,43.0,Other,Bengaluru,Savings,15000.0,738.0,95856.0,24,No
CUST2543,Gurpreet Mehta,23.0,Male,Lucknow,Savings,36800.0,540.0,76022.0,0,No
CUST2544,Kavya Mehta,41.0,Male,Chandigarh,Savings,40500.0,900.0,123614.0,0,No
CUST2545,Vivaan Patel,22.0,Female,Chandigarh,Current,81900.0,460.0,46754.0,60,Yes
CUST2546,Sai Kumar,30.0,Male,Mumbai,Current,38200.0,802.0,451238.0,12,No
CUST2547,Rahul Nair,59.0,Female,Ahmedabad,Savings,74100.0,812.0,16511.0,48,No
CUST2548,Vivaan Nair,61.0,Female,Mumbai,Current,36800.0,758.0,120261.0,24,No
CUST2549,Vivaan Gupta,38.0,Female,Kolkata,Savings,131800.0,661.0,87646.0,60,No
CUST2550,Kavya Nair,58.0,Male,Kolkata,Current,81900.0,710.0,197292.0,0,No
CUST2551,Sai Malhotra,29.0,Male,Lucknow,Current,124200.0,604.0,525893.0,24,Yes
CUST2552,Riya Gupta,45.0,Male,Ludhiana,Savings,35100.0,749.0,102353.0,36,No
CUST2553,Gurpreet Gupta,50.0,Male,Chandigarh,Savings,85500.0,585.0,189939.0,60,Yes
CUST2554,Isha Gupta,57.0,Male,Lucknow,Savings,36900.0,657.0,66819.0,0,No
CUST2555,Sanya Kumar,21.0,Male,Kolkata,Savings,82900.0,765.0,13851.0,24,No
CUST2556,Nikita Bose,45.0,Female,Lucknow,Savings,85900.0,,548537.0,24,Yes
CUST2557,Sai Sharma,31.0,Female,Mumbai,Current,17700.0,649.0,691018.0,36,No
CUST2558,Aarav Gupta,36.0,Other,Bengaluru,Savings,31400.0,694.0,238867.0,0,No
CUST2559,Kavya Gupta,60.0,Female,Lucknow,Savings,30500.0,,31549.0,36,No
CUST2560,Sanya Nair,47.0,Male,Delhi,Current,20400.0,779.0,29100.0,48,No
CUST2561,Nikita Sharma,57.0,Female,Ahmedabad,Savings,43600.0,,79988.0,48,No
CUST2562,Vihaan Nair,28.0,Male,Lucknow,Savings,36700.0,551.0,72367.0,0,No
CUST2563,Vihaan Gupta,47.0,Male,Bengaluru,Current,22100.0,676.0,88432.0,24,No
CUST2564,Aarav Kumar,58.0,Female,Ludhiana,Current,68400.0,614.0,46343.0,12,No
CUST2565,Harpreet Mehta,24.0,Male,Pune,Savings,81800.0,624.0,433365.0,24,Yes
CUST2566,Karan Gupta,56.0,Male,Ludhiana,Savings,26000.0,687.0,17566.0,24,No
CUST2567,Meera Kaur,34.0,Male,Chennai,Savings,48700.0,620.0,30990.0,120,No
CUST2568,Vihaan Reddy,38.0,Female,Mumbai,Current,,762.0,387983.0,0,No
CUST2569,Gurpreet Reddy,22.0,Male,Chandigarh,Current,58500.0,620.0,121257.0,120,No
CUST2570,Riya Joshi,55.0,Male,Mumbai,Savings,44400.0,763.0,378472.0,0,No
CUST2571,Aman Gupta,29.0,Female,Kolkata,Savings,89700.0,676.0,69062.0,0,No
CUST2572,Neha Rao,61.0,Male,Delhi,Savings,90800.0,753.0,94543.0,0,No
CUST2573,Sai Rao,22.0,Female,Bengaluru,Savings,85800.0,634.0,104149.0,12,Yes
CUST2574,Neha Malhotra,25.0,Male,Ahmedabad,Savings,59100.0,637.0,30332.0,84,No
CUST2575,Diya Sharma,,Female,Delhi,Savings,125000.0,582.0,888285.0,60,Yes
CUST2576,Aarav Malhotra,48.0,Male,Bengaluru,Savings,,729.0,989465.0,120,No
CUST2577,Yash Kaur,46.0,Female,Kolkata,Savings,53300.0,760.0,132877.0,24,No
CUST2578,Isha Mehta,29.0,Other,Chennai,Current,61700.0,860.0,236437.0,0,No
CUST2579,Sanya Singh,25.0,Female,Chandigarh,Current,101000.0,790.0,454278.0,36,No
CUST2580,Aditya Bose,31.0,Male,Bengaluru,Savings,41400.0,701.0,107114.0,84,No
CUST2581,Vivaan Rao,27.0,Female,Bengaluru,Current,77300.0,662.0,144202.0,0,No
CUST2582,Vihaan Verma,50.0,Male,Jaipur,Savings,66700.0,713.0,77473.0,60,No
CUST2583,Ananya Patel,58.0,Male,Hyderabad,Savings,44200.0,678.0,347777.0,0,No
CUST2584,Diya Sharma,38.0,Male,Hyderabad,Current,58400.0,201.0,167499.0,48,Yes
CUST2585,Nikita Joshi,34.0,Male,Chandigarh,Current,18200.0,760.0,59265.0,24,No
CUST2586,Aman Rao,42.0,Female,Bengaluru,Savings,49000.0,609.0,46670.0,84,Yes
CUST2587,Sanya Bose,34.0,Female,Delhi,Current,15000.0,622.0,209426.0,84,Yes
CUST2588,Kavya Kaur,28.0,Female,Lucknow,Current,133700.0,796.0,221102.0,0,No
CUST2589,Harpreet Malhotra,24.0,Female,Chennai,Current,110500.0,706.0,264184.0,24,Yes
CUST2590,Harpreet Malhotra,47.0,Male,Chennai,Savings,102100.0,,120749.0,0,No
CUST2591,Kavya Kaur,53.0,Male,Jaipur,Savings,74300.0,781.0,37352.0,24,No
CUST2592,Arjun Bose,,Male,Ahmedabad,Savings,95200.0,647.0,139554.0,0,No
CUST2593,Rahul Kaur,48.0,Male,Mumbai,Savings,103400.0,656.0,79564.0,24,Yes
CUST2594,Harpreet Patel,25.0,Male,Lucknow,Savings,95700.0,641.0,49611.0,24,No
CUST2595,Kavya Iyer,43.0,Female,Chandigarh,Savings,92800.0,513.0,194481.0,0,No
CUST2596,Ananya Sharma,,Male,Delhi,Savings,37900.0,753.0,282039.0,24,No
CUST2597,Kavya Chopra,46.0,Male,Lucknow,Current,78100.0,577.0,7699.0,84,Yes
CUST2598,Ananya Chopra,22.0,Male,Bengaluru,Savings,49200.0,632.0,411454.0,0,No
CUST2599,Neha Reddy,25.0,Female,Mumbai,Current,29800.0,617.0,23997.0,120,Yes
